File,CurrentExists,BackupExists,CurrentLength,BackupLength,CurrentMTime,BackupMTime,StagedBackup
"entry/src/main/ets/pages/ReschedulePage.ets",True,True,33052,31746,"2026-06-05 23:09:25","2026-04-29 02:41:16","C:\Users\tianchen\Code\Chronoisle2\recovery_staging\onedrive_fallback\entry\src\main\ets\pages\ReschedulePage.ets"
"entry/src/main/ets/services/CloudSyncService.ets",True,True,9311,7798,"2026-06-05 23:09:25","2026-04-18 23:19:12","C:\Users\tianchen\Code\Chronoisle2\recovery_staging\onedrive_fallback\entry\src\main\ets\services\CloudSyncService.ets"
"entry/src/main/ets/pages/GoalDetailPage.ets",True,True,60459,60813,"2026-06-05 23:09:25","2026-04-29 09:31:56","C:\Users\tianchen\Code\Chronoisle2\recovery_staging\onedrive_fallback\entry\src\main\ets\pages\GoalDetailPage.ets"
"entry/src/main/ets/services/AccountDeletionService.ets",True,False,2764,,"2026-06-05 23:09:25","",""
"entry/src/main/ets/services/TelemetryHelper.ets",True,True,2678,2579,"2026-06-05 23:09:25","2026-04-21 13:24:02","C:\Users\tianchen\Code\Chronoisle2\recovery_staging\onedrive_fallback\entry\src\main\ets\services\TelemetryHelper.ets"
"entry/src/main/ets/foundation/tokens/SymbolTokens.ets",True,True,7019,4513,"2026-06-05 23:09:25","2026-04-29 02:05:28","C:\Users\tianchen\Code\Chronoisle2\recovery_staging\onedrive_fallback\entry\src\main\ets\foundation\tokens\SymbolTokens.ets"
"entry/src/main/ets/theme/AppTheme.ets",True,True,3750,3750,"2026-06-05 23:09:25","2026-04-28 15:37:42","C:\Users\tianchen\Code\Chronoisle2\recovery_staging\onedrive_fallback\entry\src\main\ets\theme\AppTheme.ets"
"entry/src/main/ets/services/IAPRetryQueue.ets",True,False,8108,,"2026-06-05 23:09:25","",""
"entry/src/main/ets/services/ThirdPartyAuthService.ets",True,True,7268,6973,"2026-06-05 23:09:25","2026-04-28 16:51:01","C:\Users\tianchen\Code\Chronoisle2\recovery_staging\onedrive_fallback\entry\src\main\ets\services\ThirdPartyAuthService.ets"
"entry/src/main/ets/pages/SearchPage.ets",True,True,18156,17624,"2026-06-05 23:09:25","2026-04-29 03:00:13","C:\Users\tianchen\Code\Chronoisle2\recovery_staging\onedrive_fallback\entry\src\main\ets\pages\SearchPage.ets"
"entry/src/main/ets/services/AgentService.ets",True,True,44255,44128,"2026-06-05 23:09:25","2026-04-28 16:44:00","C:\Users\tianchen\Code\Chronoisle2\recovery_staging\onedrive_fallback\entry\src\main\ets\services\AgentService.ets"
"entry/src/main/ets/pages/CreateTaskPage.ets",True,True,44212,43136,"2026-06-05 23:09:25","2026-04-29 03:10:21","C:\Users\tianchen\Code\Chronoisle2\recovery_staging\onedrive_fallback\entry\src\main\ets\pages\CreateTaskPage.ets"
"entry/src/main/ets/pages/TaskDetailPage.ets",True,True,30834,30360,"2026-06-05 23:09:25","2026-04-29 03:00:19","C:\Users\tianchen\Code\Chronoisle2\recovery_staging\onedrive_fallback\entry\src\main\ets\pages\TaskDetailPage.ets"
"entry/src/main/ets/services/IAPService.ets",True,True,21186,19194,"2026-06-05 23:09:25","2026-04-28 18:33:43","C:\Users\tianchen\Code\Chronoisle2\recovery_staging\onedrive_fallback\entry\src\main\ets\services\IAPService.ets"
"entry/src/main/ets/pages/MembershipPage.ets",True,True,24181,23459,"2026-06-05 23:09:25","2026-04-29 02:34:33","C:\Users\tianchen\Code\Chronoisle2\recovery_staging\onedrive_fallback\entry\src\main\ets\pages\MembershipPage.ets"
"entry/src/main/ets/pages/AnnouncementsPage.ets",True,True,7424,7154,"2026-06-05 23:09:25","2026-04-29 02:40:29","C:\Users\tianchen\Code\Chronoisle2\recovery_staging\onedrive_fallback\entry\src\main\ets\pages\AnnouncementsPage.ets"
"entry/src/main/ets/services/CreditService.ets",True,True,3474,3278,"2026-06-05 23:09:25","2026-04-28 16:53:14","C:\Users\tianchen\Code\Chronoisle2\recovery_staging\onedrive_fallback\entry\src\main\ets\services\CreditService.ets"
"entry/src/main/ets/pages/CreditTransactionsPage.ets",True,True,15149,14679,"2026-06-05 23:09:25","2026-04-29 02:39:27","C:\Users\tianchen\Code\Chronoisle2\recovery_staging\onedrive_fallback\entry\src\main\ets\pages\CreditTransactionsPage.ets"
"entry/src/main/ets/services/UsageService.ets",True,True,3567,3559,"2026-06-05 23:09:25","2026-04-18 17:43:44","C:\Users\tianchen\Code\Chronoisle2\recovery_staging\onedrive_fallback\entry\src\main\ets\services\UsageService.ets"
"entry/src/main/ets/services/GoalPlanningService.ets",True,True,14029,13887,"2026-06-05 23:09:25","2026-04-28 16:50:07","C:\Users\tianchen\Code\Chronoisle2\recovery_staging\onedrive_fallback\entry\src\main\ets\services\GoalPlanningService.ets"
"entry/src/main/ets/services/HttpClient.ets",True,True,6453,6195,"2026-06-05 23:09:25","2026-04-28 16:40:33","C:\Users\tianchen\Code\Chronoisle2\recovery_staging\onedrive_fallback\entry\src\main\ets\services\HttpClient.ets"
"entry/src/main/ets/services/StatsService.ets",True,True,15911,15375,"2026-06-05 23:09:25","2026-04-28 15:12:42","C:\Users\tianchen\Code\Chronoisle2\recovery_staging\onedrive_fallback\entry\src\main\ets\services\StatsService.ets"
"entry/src/main/ets/services/RescheduleService.ets",True,True,27567,26825,"2026-06-05 23:09:25","2026-04-28 14:17:34","C:\Users\tianchen\Code\Chronoisle2\recovery_staging\onedrive_fallback\entry\src\main\ets\services\RescheduleService.ets"
"entry/src/main/ets/pages/TodayPlanPage.ets",True,True,29822,25405,"2026-06-05 23:09:25","2026-04-29 09:32:10","C:\Users\tianchen\Code\Chronoisle2\recovery_staging\onedrive_fallback\entry\src\main\ets\pages\TodayPlanPage.ets"
"entry/src/main/ets/models/TodayPlan.ets",True,True,4182,4038,"2026-06-05 23:09:25","2026-04-28 14:17:31","C:\Users\tianchen\Code\Chronoisle2\recovery_staging\onedrive_fallback\entry\src\main\ets\models\TodayPlan.ets"
"entry/src/main/ets/services/VoiceRecognitionService.ets",True,True,13841,13056,"2026-06-05 23:09:25","2026-04-28 16:08:41","C:\Users\tianchen\Code\Chronoisle2\recovery_staging\onedrive_fallback\entry\src\main\ets\services\VoiceRecognitionService.ets"
"entry/src/main/ets/pages/LoginPage.ets",True,True,19595,18926,"2026-06-05 23:09:25","2026-04-29 01:57:10","C:\Users\tianchen\Code\Chronoisle2\recovery_staging\onedrive_fallback\entry\src\main\ets\pages\LoginPage.ets"
"entry/src/main/ets/pages/TaskSelectPage.ets",True,True,16115,15719,"2026-06-05 23:09:25","2026-04-29 02:35:38","C:\Users\tianchen\Code\Chronoisle2\recovery_staging\onedrive_fallback\entry\src\main\ets\pages\TaskSelectPage.ets"
